German,English
verdeutlichen,"to make clear, explain"
folgern aus (etwas),"deduce, infer, argue from"
definieren,to define
behandeln,to treat
vergleichen,to compare
begründen,"to give reason, to account for something"
erläutern,"to explain, clarify, illustrate"
durch ein Beispiel erläutern,to illustrate with an example
zusammenfassen,to summarize
auswerten,"to evaluate, analyze"
berichten (über),to report on
ein Beispiel anführen,to give an example
informieren über,"to inform, provide information about"
darstellen,"to depict, describe, illustrate, demonstrate"
erörtern,"to discuss, argue (put an argument in place)"
sich befassen mit,"to concern oneself, deal with"
ausgehen von,to assume; to emanate or start from
basieren auf (DAT),to be based on
sich beschäftigen mit,to occupy oneself with
beruhen auf (DAT),"to be based upon, to rest upon"
bestehen aus,to consist of
sich beziehen auf (AKK),"to correspond to, relate to"
eingehen auf (AKK),to go into detail (on something)
einordnen in (AKK),"to classify, categorise"
einteilen in (AKK),"to divide into, separate into"
gleichsetzen mit,"to equate, equalize"
gründen auf (DAT),"to be based, predicated on (grounded on)"
sich um etwas handeln,to be about something
hervorgehen aus,to emerge or arise from something
sich gegen etwas richten,"to direct towards (Kritik, zB)"
sich stützen auf (AKK),"to be based on, to get support from"
verweisen auf (AKK),"(1) to point out, refer (2) expel, send away"
verzichten auf (AKK),"to pass on something, forgo"
zutreffen auf (AKK),to apply to something
sich herausbilden,"to develop, to form"
sich finden,"to find each other, oneself"
sich widmen,to dedicate onself
anwenden,"to apply, to use"
auflisten,to list
aufweisen,"to show, have, to possess, manifest"
bestimmen,"to discern, identify"
betrachten,"to consider, examine"
darlegen,to lay out (demonstrate)
deuten,to interpret
problematisieren,to problematize
skizzieren,"to outline, to sketch"
thematisieren,to broach the central issue of something
umfassen,to encompass
auffassen als,to perceive something as something
festhalten,to put something on the record
hervorheben,"to emphasize, to distinguish"
im Mittelpunkt stehen,to take center stage (stand in the middle)
nachgehen,"to pursue, to trace"
zuordnen,"to put in the right place, correlate, assign something to something"
festlegen,to determine
besagen,"to say (mean), to indicate, to  signifiy"
bezweifeln,to doubt
verbieten,to forbid
untersagen,to forbid
ablehnen,to reject
fehlen,"to lack, need, require"
leugnen,"to deny, repudiate (strong)"
verneinen,"to negate, to say no"
widerlegen,to disprove
bestreiten,"to dispute, deny"
u.U. (unter Umständen),in some circumstances
d.h. (das heißt),that is to say (i.e.)
i.A. (im Auftrag),commissioned by
vgl. (vergleich),compare (cf.)
z.T. (zum Teil),in part
sog. (sogenannt),so-called
bzw. (beziehungsweise),respectively (resp.); or rather; more specifically
aussetzen,"to expose, abandon"
sich beschränken auf,to limit or restrict oneself to
der Gefährte,"partner, mate, fellow"
in der Lage sein,to be in the position (to do something)
das Versäumnis,"failure, omission, absense"
aufholen (gegenüber),"to catch up on, make up"
nachhaltig,"sustained, lasting"
das Anzeichen (für),the sign or indication (of)
der Aufbau,"composition, construction"
die Mehrzahl,"plural, majority"
bezeichnen (mit/als),"to mark, describe, call, stand for"
die Flexionsendung,inflected ending
die geistige Leistung,mental effort
sich gleichen,"to look alike, resemble"
sich äußern zu,"to say something about, to comment on"
zerlegen,"to analzye, take something apart, deconstruct, break something down"
das Einzelteil,"single part, component"
der Handlungsablauf,procedure (with H)
eine Beziehung herstellen,to establish a relationship
zeugen von,"to testify to, be evidence of"
durchlaufen,to pass through
verkehrt,wrong (nicht richtig)
zeitweilig,temporary (nicht dauernd)
stoppelig,stubbly (nicht glatt)
holprig,bumpy (nicht glatt)
heiser,"raspy, hoarse"
verschwommen,"hazy, indistinct"
mehrdeutig,ambiguous
zahm,tame
artig,"well-behaved, civilized"
schwerfällig,"clumsy, cumbersome, unwieldy"
welk,wilted
schal,stale
auffällig,"striking, noticeable"
nachlässig,"carelessly, negligent"
wissbegierig,eager for knowledge
eingebildet,conceited
rücksichtslos,reckless
aufrichtig,"sincere, honest"
mitteilsam,communicative
anpassungsfähig,"adaptable, flexible"
habgierig,"greedy, full of avarice"
standhaft,"steadfast, steady"
eigensinnig,"stubborn, hard-headed"
schmeichlerisch,flattering (smarmy)
demütig,"humble, weak, submissive"
unterwürfig,"submissive, servile"
gewandt,"skillful, agile"
geläufig,commonly used (like gewöhnlich)
gewichtig,"serious, grave, weighty (gravierend)"
vertrauensselig,"all too trusting, gullible"
vergnügungssüchtig,pleasure-seeking
herrisch,"bossy, overbearing"
wagemutig,daring
gebieterisch,"authoritative, commanding"
sorgfältig,meticulous
engstirnig,narrow-minded
heuchlerisch,hypocritical
kleinlich,petty
kompromissbereit,ready to compromise
pingelig,anal retentive
scheinheilig,holier-than-thou
verkalkt,"senile (literally ""calcified"")"
voreingenommen (gegen),prejudiced (against)
verklemmt,"uptight, repressed"
angespannt,tense
besorgt,"afraid, anxious, scared, fearful"
brummig,"grumpy, cantankerous"
mürrisch,grumpy
denkfaul,mentally lazy
unternehmungslustig,enterprising
kontaktfreudig,outgoing
kinderlieb,fond of kids
zielstrebig,"determined, focused"
zuverlässig,reliable
reizbar,irritable
schmuddelig,sloppy
unbeherrscht,lacking self-control
unehrlich,dishonest
unverschämt,"without shame, outrageous"
hartnäckig,stubborn
launisch,moody
ungezogen,bad-mannered
zugunsten,in favour of
zurückgehen,to go back
der Überblick (über),overview
sich herausbilden,"to form, slowly become apparent"
gelten als,"to be considered, regarded as"
ausschließlich,"exclusively, solely"
das Ballungszentrum,high population density area
die Variante,variation
der Rundfunk,radio
mittlerweile,"in the meantime, meanwhile"
im weiteren Sinne,in the broader sense
anführen,"to lead, to mention"
der Gegensatz,"contrast, difference"
sich durchsetzen,"to assert oneself, make a point"
der Stellenwert,"the importance of something, significance"
mangeln (an etw),"to not be enough of, to be scarce"
mangelnd,"lacking, scarce, deficient"
zusprechen,to encourage
mithin,"consequently, therefore"
eine Untersuchung durchführen,to conduct research/a study
der Proband,experimentee
der Fragebogen,questionnaire
das Merkmal,"characteristic, feature"
auf dem letzten Platz landen,to come in last place
übersichtlich,clearly laid out/arranged
schwerfällig,"clumsy, cumbersome, unwieldy"
kleinbürgerlich,petit bourgeois
dementsprechend,accordingly
die Rauferei,"scuffle, tussle"
abschließend,"closing, concluding"
scheinbar,"apparent, seeming"
bevorstehen,"to lie ahead, be imminent"
"schreiten (schritt, ist geschritten)","to stride, walk"
das Vergnügen,pleasure
das Detail,detail
der Rahmen,"frame, framework"
abbilden,"to copy, portray"
bemerkenswert,remarkable
der Betrachter,observer
der Entwurf,"sketch, draft"
errichten,"to build, erect"
die Malerei,painting
die Moderne,modern age
der Vordergrund,foreground
die Zeichnung,drawing
auftreten,"to appear, occur"
der Auftritt,"appearance, entrance"
begleiten,to accompany
die Bühne,stage
die Reihe,"row, line"
die Szene,scene
der Akt,act
aufführen,to perform
die Aufführung,performance
entgehen,to escape
flüstern,to whisper
inszenieren,"to stage (a show, performance)"
die Inszenierung,staging; production; enactment; mise-en-scene
das Orchester,Philharmonic Orchestra
die Probe,rehearsal
die Umsetzung,"transfer, conversion, implementation"
die Aufnahme,"reception, recording, snapshot"
aufnehmen,"to record, include"
ausmachen,"to recognise, discern; douse (e.g. a fire); agree"
die Platte,"disk, record"
der Sprecher,speaker
der Hörer,"listener, receiver"
medial,by the media (adj)
das Medium,medium
die Reichweite,"reach, range"
Angebot und Nachfrage,supply and demand
erzeugen,"to produce, to create, to manufacture"
die Konkurrenz,competition
dreist,"bold, brazen"
die Massenproduktion,mass production
die Ermächtigung,authorization (legal)
der Verlust,loss
der Zinssatz,interest rate
Gewinn erzielen,to make profit
die Einkommenssteuer,income tax
der Großhandel,wholesale
der Aktionär,shareholder / stockholder (big)
die Landwirtschaft,agriculture
der Maschinenbau,mechanical engineering
konkurrenzfähig,competitive
der Umsatz,turnover
diesbezüglich,"regarding this subject, concerning this matter"
das Wirtschaftswachstum,economic growth
die Wohlstandgesellschaft,affluent society
die freie Marktwirtschaft,free market economy
das Defizit,deficit
Preise herabsetzen,to lower prices
der Wirtschaftskreislauf,business cycle
die Flaute,economic stagnation
die Bodenschätze,mineral resources
der Beschwerdebrief,"written complaint, letter of complaint"
der Haushaltsplan,budget plan
die Hochkonjunktur,economic boom
zurückerstatten,"to reimburse, pay back"
die Konjunktur,economic situation
der Lebensunterhalt,livelihood
rückläufige Tendenz,downward trend
der Leitzins,federal interest base rate
die Wirtschaftstätigkeit,economic activity
überschüssig,"surplus, excessive, wasteful"
Preise erhöhen,to raise prices
die Subvention,subsidy
einführen,"to introduce, launch (a new product, zB)"
die Einkünfte ,earnings
der Aufschwung,economic upturn
verstaatlichen,to nationalize
die Vollbeschäftigung,full employment
der Zinsanstieg,rise in interest rates
ansteigende Tendenz,upward trend
in eine Krise geraten,to enter a crisis
die Vermehrung,"reproduction (biological), multiplication"
betragen ,"to account for, to be, to add up to (numbers)"
die Lagerräumung,clearance
überhöhen,"to inflate, exaggerate"
die Vertrautheit,familiarity
der Bekanntheitsgrad,degree of fame
die Steuerlast,tax burden
der Auftrag,order
die Anfrage,inquiry
die Beschwerde,complaint
einen Termin einhalten,to keep an appointment
einen Termin vereinbaren,to make an appointment
das Steuerparadies,tax haven
der Konkurrent,competitor
die Sparte,line of business
der Marktanteil,market share
der Prozentsatz,percentage
der Rabatt,discount
die Mahnung,"warning, reminder"
eine Frist einhalten,to meet a deadline
zahlungsunfähig,insolvent
rentabel,profitable
die Lastschrift,debit note (directly charged to your business account)
die Befehlskette,chain of command
die Marktkräfte,market forces
die Rentabilität,profitability
eingliedern,"to incorporate, integrate"
das Darlehen,"loan, credit"
einzahlen,to pay in
der Vorreiter sein,to be first on the market
der Rettungsfonds,bail out
die Augenweide,"feast for the eyes, eye candy"
sich Geld leihen,to borrow money
vertraulich,confidential
Geld auf ein Konto überweisen,to transfer money into an account
der Ertrag,"income, yield, return"
Geld anlegen (in),to invest money in...
handeln mit,to trade/negociate with
erschwinglich,affordable
spekulieren an,to speculate
die Konsumgesellschaft,consumer society
die Abwertung,devaluation
die Kurzfassung,abbreviated version
das Außenhandelsdefizit,trade deficit (foreign trade)
der Kapitalanleger,investor
die Produktionsstätte,place of production
der Dauerauftrag,standing order [bank.]
die Handelsbilanz,balance of trade
der Kurs,"exchange rate, share price"
die Hypothek,mortgage
die Vertraulichkeit,confidentiality
mitbringen,to bring along
massengefertigt,mass produced
vorübergehend,"temporarily, passingly, transiently (going over)"
Alarm schlagen,to sound the alarm
der Nachwuchs,offspring
hierzulande,"around here, in these parts"
gewinnen,"to gain, attain"
statistisch gesehen,statistically speaking
voraussichtlich,"presumably, likely, expected"
die Kinderlosigkeit,state of being without children
der Geburtenrückgang,falling birth rate
der gegenwärtige Wandel,the current change
abschreckend,"off-putting, daunting"
der Teilzeitarbeitsplatz,part time job
der berufliche Aufstieg,career advancement
die Beförderung,promotion
ganztägig,full-time
die Vereinbarkeit,compatibility
zurückdrängen,"to push back, to repel"
die Altersabsicherung,security when you are old
gleichrangig,equally-ranking
kinderfeindlich,against kids
eine Priorität setzen,to set a priority
die Selbstverwirklichung,"self-realization, fulfillment"
vage,vague (verschwommen)
die Überbevölkerung,over-population
der Umweltschadstoff,environmental pollutant
die Belastung,"burden, pressure"
die Verheißung,promise (biblically fated)
die Beständigkeit,"consistency, stability"
der Gegenpol,opposite pole
die Spontaneität,spontaneity
ausleben,to live out (something)
die Disziplin,discipline
behaglich,"cozy, comfortable"
wehrlos,defenseless
niederschlagen,"to knock down, suppress"
kontrovers,controversial
leidenschaftlich,"passionate, keen"
übersehen,"to overlook, miss"
in Anlehnung an,"on the basis of, following (take something as example, with regard to)"
die Handlungserklärung,behavioral explanation
eine Eigenschaft besitzen,to have a certain characteristic
neigen zu,"to tend towards, be inclined to"
die Auffassung,"view, opinion, judgment"
fremdes Gut an sich reißen,to steal (literary-sounding)
provozieren,to provoke
einen Diebstahl begehen,to steal (formal)
der Lehrplan,"curriculum, syllabus"
einwenden gegen,to object to
der Einwand,objection
die Wechselwirkung,"interaction, interplay"
veranschaulichen,"to show, illustrate, demonstrate"
unzureichend,"inadequate, insufficient"
die Ausführung,"execution, implementation"
die Friedfertigkeit,"peacefulness, tranquility"
die Minderwertigkeitskomplex,inferiority complex
anleiten zu,to make or instruct someone to do something
nachweislich,"demonstrable, verifiable"
die Annahme,"assumption, supposition, acceptance"
anzweifeln,"to challenge, mistrust"
vorschnell,"rash, hasty"
das Scharmützel,skirmish
unwiderstehlich,irresistible
gähnen,to yawn
das Laster,"vice, guilty pleasure"
das Einfühlungsvermögen,"sensitivity, empathy"
sich hineinversetzen in,to put yourself on someones position
die Schlagfertigkeit,"quick wit, repartee"
das Nachsitzen,detention
sitzen bleiben,to repeat a class (be held back)
vermitteln,"to communicate, teach"
versetzen,to advance to the next class
die Arbeitsbeschaffungsmaßnahme,job creation scheme
abgehen,"to drop out, quit going to school"
sich habilitieren,to get promoted to 'Professor'
das Bildungswesen,everything that has to do with teaching and education
die Habilitation,work that gets you promoted to 'Professor'
überfordern,to overburden
das Internat,boarding school
das Kollegium,faculty
das Kultusministerium,Department of Education (state)
reformieren,to reform
der Lehrkörper,teaching staff
das Gymnasium,high school
der Lehrplan,"curriculum, syllabus"
die Schulbehörde,school administrators
das Zeugnis,report card
der Nachhilfeunterricht,tutoring
die Arbeitslosenquote,unemployment rate
das Pensum,workload
das Bafög,studying money from German government
gehorsam,obedient
der Studiengang,course of studies
die Verleihung,"conferrment, bestowal"
die Aula,lecture hall
der Schuljahrgang,"class (of 2015, for example)"
die Fachkompetenz,expertise
die Promotion,doctoral thesis
das Staatsexamen,"state licensing exam (Lehramt, Medizin, Rechtsanwalt, usw.)"
autoritär,very strict
das Pult,lecturn
die Regelstudienzeit,number of semesters to complete a Studium
geschäftstüchtig,"business-minded, enterprising"
die Schulpflicht,legal requirement to attend school
das Schulversagen,doing badly in school
das Schulwesen,everything having to do with school
die Schülermitvertretung,student government
die Unterrichtsgestaltung,"educational design, teaching structure"
aufgeschlossen,open-minded
tapfer,"brave, stalwart"
eine Prüfung ablegen,to do a test
wiederholen,to revise
die Kernfächer,core subjects
der Tyrann,bully
durchrutschen,to scrape by
der Leistungsdruck,pressure to achieve
die Gedächtnishilfe,memory aid
die Legasthenie,dyslexia
"ohne Fleiß, kein Preis","no pain, no gain"
sich überarbeiten,to overwork
Wissenlücken stopfen,to fill in gaps (in knowledge)
sich Wissen zulegen,to acquire knowledge
abschreiben,to copy
verprügeln,to beat up
bei einer Prüfung mogeln,to cheat on an exam
abwechslungsreich,varied
Diskussion fördern,to encourage discusssion
konsequent,consistent
lasch,lax
unnahbar,unapproachable
die Kluft zwischen Theorie und Praxis,the gap between theory and practice
fesseln,to engage or captivate (interest)
dozieren über,to lecture on
die Eignungsprüfung,aptitude test
Forschung betreiben,to do research
der Hochschulabsolvant,college graduate
das Universitätsgelände,campus
nach Abschluss des Studiums,after completing studies
die Zeichensprache,sign language
die Blindschrift,braille
der Band,volume
das Band,ribbon
die Band,musical band
der Bund,confederation
das Bund,"bundle, bunch"
die Bande,gang
das Bündnis,confederation
der Gehalt,content
das Gehalt,salary
der Erbe,heir
das Erbe,inheritance
der Golf,gulf
das Golf,golf
der Flur,hall
die Flur,meadow
der Kiefer,jaw
die Kiefer,pine tree
der Schild,shield
das Schild,sign
der Leiter,leader
die Leiter,ladder
die Achsel,shoulder
die Achse,axle
aufrüsten,to arm (get weapons)
ausrüsten,to equip (so/st)
die Steuer,tax\
das Steuer,steering wheel
(jdm etw) ausrichten,to notify someone of something
(etw) einrichten,to furnish something
(etw) verrichten,to perform something (eine Aufgabe)
bedingungslos,unconditional
unbedingt,absolute
beten,to pray
betteln,to beg
böse,"evil, angry, wicked"
boshaft,"spiteful, catty, nasty"
böswillig,malicious
(etw) beurteilen,to judge something
(jdn) verurteilen,to condemn somebody
dauern,to last
bedauern,"to regret, feel pity"
bedauerlich,regrettable
bedauernswert,pitiful
(etw) brauchen,to need
(etw) gebrauchen,to use
(etw) verbrauchen,to consume
der Brauch,custom
der Gebrauch,use
gebräuchlich,customary
gebraucht,"used, second-hand"
die Unart,"bad habit, practice"
der Unfug,"nonsense, mischief"
die Unkosten,expenses
die Untat,atrocity
das Unkraut,the weed
das Ungeziefer,"vermin, pest, bug"
der Unmensch,"barbarian, brute"
die Unsumme,"enormous sum, amount"
das Unwetter,storm
die Unzahl,immense number
das Unbehagen,"unease, discomfort, uncanny"
das Unding,absurdity
die Ungeduld,impatience
das Ungeheuer,monster
das Ungetüm,monster
das Unheil,disastrous fortune
die Unkenntnis,"ignorance, lack of awareness"
die Unmenge,huge quantity
die Unordnung,state of disorder
der Unrat,"debris, refuse"
das Unrecht,injustice
die Unruhe,"disturbance, turbulance"
die Untiefe,shallow waters
das Unvermögen,"inability, incapacity"
der Unmut,"displeasure, resentment"
verstören,to unsettle
gelegentlich,"sometimes, from time to time"
in Schwierigkeiten stecken (sein),to get in trouble
verabscheuen,"to detest, to loathe"
untergraben,"to erode, sap, undermine"
der Eindringling (-e),intruder
reglos,motionless
die Zeitverschwendung,a waste of time
leichtfertig,"frivolously, carelessly"
genmanipuliert,genetically modified
hereinfallen auf (AKK),to fall for something
der Aufstand,"riot, rebellion, revolt"
die Erregung,"excitement, arousal"
das Ermessen,"judgment, discretionary power"
zusammenbrechen,"to break, collapse, fall apart"
der Einsturz,"collapse, cave in"
der Anblick (e),"sight, view"
die Aufforderung,"demand, order, request"
der Widerwillen (gegen),"aversion, distaste (for)"
bedenkenlos,without hestitation
ketzerisch,heretical
ein Leichtes (sein),"a cinch, breeze"
die Kehle,"throat, channel, hollow"
der Schluckauf,hiccup
die Schranke,"barrier, limit, bound"
die Morddrohung,death threat
die Zuneigung,affection
die Abneigung,"dislike, distaste"
der Vorwand,excuse
das Unheil,disastrous fortune
besänftigen,"to calm, soothe, pacify"
die Öde,wasteland
aufreizend,"exciting, turning someone on (sexually)"
eifrig,"eager, zealous"
die Wucht,"impact, weight"
die Auslosung,lottery drawing
der Ausweg,"back door, way out"
die Anfrage,inquiry
das Mahl,feast
tadellos,"pristine; perfect, flawless"
knabbern,"nibble, gnaw, munch"
einbeziehen,to include
die Verzögerung,"delay, hold up"
schroff,curt
überrumpeln,"to take (sb) by surprise, to blindside s.o."
unverfänglich,"harmless, innocuous, uncontroversial"
die Zurückhaltung,"restraint, reserve, reticence"
gutmütig,good-natured
läppisch,"foolish, infantile; laughably small"
prächtig,superb
buckelig,hunchbacked
vorwurfsvoll,reproachful
tatenlos,inactive
untermauern,"to underpin, support, corroborate (eine Theorie unterstützen)"
die Hochachtung,"great respect, high esteem"
grell,"glaring, dazzling"
die Fehlzündung,misfire
dämpfen,to dampen
die Falltür,trap door
zögern,to hesitate
schleudern,"to fling, to skid"
die Schwelle,"threshhold, brink, edge, cusp"
sich einlassen auf (AKK),to get involved with something or someone
der Funke,spark
die Laune,mood
die Anweisung,"instruction, assignment"
erwidern,to reply
der Sog,"undertow, wake, pull, suction"
überstehen,"to pull through, to survive, endure"
quasseln,to blather; quatschen
der Vorsatz,"willful intent, premeditation"
der Graus,horror
unterdrücken,"to suppress, repress"
plaudern,to chit chat
sich beteiligen an,to take part in
einmalig,"singular, one of a kind"
heimlichtuerisch,"secretive, sneaky"
"sich überschlagen (überschlug, hat überschlagen)","tumble, flip over"
sterbenslangweilig,deadly boring
der Anlauf,"attempt, start"
wahllos,"randomly, indiscriminately"
verursachen,to cause
versagen,"to fail, to deny"
verstoßen gegen,"to violate, infringe upon"
verleihen,"to confer, to award"
verfehlen,to miss
verführen,"to entrap, mislead, to seduce"
verformen,"to deform, warp"
sich verwandeln in,"to transform, turn into something"
verrichten,"to carry out, execute"
vergeuden,"to waste, squander"
sich vermehren,to reproduce
vermasseln,"to blunder, to mess up"
verblühen,"to wither, fade (plants)"
verbrauchen,"to use up, consume"
verdrängen,"to oust, replace someone or something"
verklingen,to fade away (sounds)
versklaven,to enslave
verarmen,to become poor
verbiegen,to bend something out of shape
verlernen,to forget how to do something
versalzen,to oversalt something
sich verwählen,to misdial
vereinsamen,to become lonely
verwunden,to wound someone
verzaubern,to enchant someone
verfolgen,"to persecute, go after"
vergehen,"to pass, to elapse"
ertragen,to endure/ to put up with sth.
erwidern,to reply
erwischen,to catch (a criminal)
erarbeiten,to acquire something by working for it (to gain by work)
erschießen,to shoot someone dead
erbitten,to ask for something
erkämpfen,to win something by fighting for it
erblinden,to become blind
erröten,to blush
(jdn) ermuntern,to liven someone up
erwärmen,to heat something up
erfolgen aus (etwas),to result from something
die Geisel,hostage
als Geisel nehmen,to take someone hostage
autark,"autonomous, self-sufficient"
der Entführer,hijacker
die Hochrechnung,projection (numbers)
das Verhandlungsgeschick,negotiating skills
ermorden,to murder
von vornherein,"from the outset, in the first place"
der Gottesstaat,theocracy
die Dürre,drought
einen Anschlag verüben,to carry out an attack
ausliefern nach,to extradite to
hetzen gegen,to stir up hate
hinrichten,to execute (a criminal)
das Erdbeben,earthquake
ein Verbrechen an der Menschheit,a crime against humanity
die Armut bekämpfen,to fight poverty
der Dschihad,jihad
eine Bombe zünden,to set off a bomb
die Auslandsverschuldung,foreign debt
das Elend lindern,to alleviate misery
Forderungen nachgeben,to give into demands
die Entfremdung,"alienation, estrangement"
der Unterschied zwischen Arm und Reich,the gap between rich and poor (extreme difference)
die Überschwemmung,flood
die Entwicklungshilfe,development aid
Familienplanung betreiben,to practice family planning
der Hassprediger,preacher of hate
fördern,"to support, aide"
die Meinungsverschiedenheit,difference of opinion
die Spende,donation (to charity)
der Waldbrand,forest fire
die Beweglichkeit,mobility
leiden unter,to suffer from
die Säuglingssterblichkeit,infant mortality
die Versandung,desertification
die Fetzen fliegen,sparks fly
die Hungersnot,famine
das Krisengebiet,crisis zone
der Erdrutsch,landslide
die ungleiche Verteilung,unequal distribution
sesshaft werden,to put down roots
die Seuche,epidemic
die Waise,orphan
die Armutsgrenze,the poverty line
die Eigenständigkeit,"independence, self-reliance"
die Großmächte,superpowers
die Niederlage,defeat
der Wirbelsturm,tornado
die Abrüstung,disarmament
das Opfer,victim
der Atomwaffensperrvertrag,nuclear non-proliferation treaty
der Gegner,"enemy, opponent"
das Attentat,assassination
die Entspannung,"relaxation, easing of tensions"
diplomatische Beziehungen abbrechen,to break off diplomatic relations
verpesten,"to poison, to pollute"
der Sieger,victor
überfallen,to mug or attack
die Vereinten Nationen,United Nations
die Entfaltung,unfolding; evolution; development (zB eine Persönlichkeit)
am Scheideweg stehen,to be at a crossroads
die Beschwichtigung,appeasement
der Rüstungskonzern,weapons manufacturer
eine Schuld ablösen,to discharge a debt
das Militär,military
einen Konflikt schlichten,to resolve a conflict
der Alliierte,ally
die Oberhand gewinnen,to get the upper hand
der Disput,the dispute
diplomatisch vorgehen,To use diplomacy
aushandeln,"to bargain, mediate, broker"
die Macht ergreifen,to seize power
das Zugeständnis,concession (e.g. with unions)
über etwas Einigung erzielen,to reach an agreement on something
der Umschwung,"change, turnaround, reversal"
haftbar sein (für etwas),"to be liable, accountable for"
Die Menschenrechtsverletzung (en),Violation of human rights
verhandeln,to negotiate
(jdm. etwas) vorwerfen,to accuse someone of something
der Diskussionsschwerpunkt,main topic of conversation
im Gegenzug,"in return, in turn"
besetzen,to occupy (a country)
abendländisch,"western, occidental"
sich unterwerfen (DAT),to submit oneself to
Widerstand leisten,to offer resistance
besiegen,to defeat
erobern,to conquer
der Waffenstillstand,"ceasefire, truce"
verwüsten,to lay waste to
beflügeln,"to quicken (to give wings to imagination, eg)"
die Aufrüstung,military build-up
eine Atomstreitmacht sein,to be a nuclear power
angreifen,to attack
die Abrüstung,disarmament
die ethnische Säuberung,ethnic cleansing
abriegeln,"to seal off, close off"
einen Sieg erringen,to win a victory
der Vertriebene,"exile, refugee"
belästigen,"to bother, to harass"
die Abschreckung,"deterrence, deterrent"
ein Ultimatum stellen,to give an ultimatum
Krieg erklären,to declare war
einmarschieren in,to invade
der Flüchtling,the refugee
seinem Land dienen,to serve one's country
feststellbar,"discernable, ascertainable"
die Erörterung,"discussion, review of an argument"
Truppen abziehen,to withdraw troops
die Rakete,missile
ausbeuten,to exploit
ums Leben kommen,to die
der Sachverhalt,issue; facts of the case
die Vorstellungskraft,imagination
einem Kommando gehorchen,to follow a command
derzeitig,"present, current (starts with d)"
die Wehrpflicht,"military service, conscription"
der Stützpunkt,"stronghold, military base"
das Atominferno,nuclear blast
sagenhaft,"fantastic, fabled"
Die Spionage,spying
der Spion,the spy
Truppen einsetzen,to deploy troops
die Gesinnung,"ethos, disposition, attitude"
die Unterlagen,supporting documents
die Branche,"area of business, branch"
die Anforderung,requirement
die Zusage,job offer (commitment)
pendeln,to commute
die Berufswahl,career choice
der Geschäftssinn,"business sense, acumen"
der öffentliche Dienst,the civil service
das Tauschmittel,means of exchange
der Verlag,publishing house
die Werbeagentur,advertising agency
eine Absage erteilen,to turn someone down (for a job)
der Müßiggang,idleness
die Berufsaussichten,job prospects
erforderlich,"required, mandatory, obligatory, imperative"
die Belegschaft,workforce
der Pendler,commuter
die Zufriedenheit am Arbeitsplatz,job satisfaction
sinngemäß,correspondingly (the basic sense of something)
im Geschäft sein,to be in business
der (un)gelernte Arbeiter,(un)skilled worker
erwirtschaften,generate (for the economy)
sich hocharbeiten,to work one’s way up
gute Umgangsformen,good manners
der Mittelständler,middle class person
die Spesen,expenses
der Facharbeiter,skilled worker
befördert werden,to be promoted
auf dem Weg nach oben sein,to be on the way to the top
entlassen,to be let go (fired)
der ständige Konkurrenzkampf,rat race
der Elternurlaub,parental leave
freiberuflich,freelance (adj.)
ein Risiko abwägen,to calculate a risk
der angelernte Arbeiter,semi-skilled worker
ablenken,"to distract, divert"
die Kündigung ,notice of dismissal
selbständig arbeiten,to be self-employed
die Telearbeit,"telecommuting, working from home"
der Arbeitsplatzabbau,job cuts
die Schichtarbeit,shift work
fristlos,without notice
die Selbstachtung,self-esteem
berechnen,"to calculate, to bill"
sich rentieren,to be profitable
das Blatt wenden,to turn the tide
das Kompliment erwidern,to return the compliment
leichte Beute sein,to be easy prey
im Nu sein,"in a flash, in a blink"
wie eh und je,as always
"in der Lage sein, etwas zu tun",to be in the position to do something
als letzter Ausweg,as a last resort
Es ist ein Jammer,It is a crying shame
die kalte Schulter zeigen,to give someone the cold shoulder
unter Druck stehen,to be under pressure
glimpflich davonkommen,to get off lightly
Hochachtung haben vor,to have great respect or esteem for
an der Schwelle stehen,"to be on the cusp, edge, brink, verge"
Spar dir den Atem,save your breath
sich auf dem Laufenden halten,"to stay on top of things, to keep up to date"
ein unausgesprochenes Verständnis,an unspoken agreement
Wind von etwas bekommen,to get wind of something
durch eine grausame Laune des Schicksals,by a sick twist of fate
der Vorsatz,"willful intent, premeditation"
(jemanden) zur Weißglut bringen,to make someone see red
einen Bedarf unterdrücken,to suppress a desire
das Geheimnis ist bei mir gut aufgehoben,Your secret's safe with me
ein Vermögen (für etwas) bezahlen,to pay a fortune for something
unter uns gesagt,between you and me
der Partylöwe,party animal
(wie) ein Schlag in den Magen,(like) a punch in the stomach
hin und wieder,"every now and then, on and off again"
es herrscht eine Nachfrage nach,there is a big demand for
"wie der Preis, so die Ware",you get what you pay for
den Markt überschwemmen,to flood the market
Nachfrage erzeugen,to create a market
das Geschäft blüht,business is booming
in finanzielle Schwierigkeiten geraten,to go into financial difficulties
Arbeitskräfte entlassen,to fire workers (to let them go)
Soll und Haben,credit and debit
eine Spitzenposition behaupten,to maintain a leading position
den Gürtel enger schnallen,to tighten one's belt
über meine Verhältnisse leben,to live beyond my means
meinen Verhältnissen entsprechend leben,to live within my means
Er hat Geldsorgen,he has money problems
das Geld aus dem Fenster werfen,to burn money (waste it)
von der Hand in den Mund leben,to live hand to mouth
Gerüchte besagen,rumor has it
es gibt kein Zurück,there is no going back
etwas in die Praxis umsetzen,to put something into practice
einen Vertrag abschließen,to enter into a treaty (unterschreiben)
einen Beruf ausüben,to pursue (practise) a profession
einen Irrtum begehen,to be mistaken
eine Straftat begehen,to commit a crime
eine Enttäuschung bereiten,to (cause) disappointment
Freude bereiten ,to cause joy (erfreuen)
zur Sprache bringen,to bring up; to mention (ansprechen)
zu Ende bringen,to end (beenden)
vor Gericht bringen,to bring to court (verklagen)
Ärger einbringen,"to cause anger, aggravation"
eine Pflicht erfüllen,to fulfill one's duty
Protest erheben,to lodge a protest
einen Kampf führen,"to fight (kämpfen, to wage a fight)"
eine Antwort geben,to answer (beantworten)
die Erlaubnis geben,to allow (erlauben)
die Gelegenheit geben (zu),to give the opportunity to (ermöglichen)
sich Mühe geben (mit),"to try hard, to take the trouble (sich bemühen)"
einen Rat geben,to give advice (raten)
zum Opfer fallen,to become a victim (Opfer werden)
eine Entscheidung fällen,to come to a decision (entscheiden)
Unterstützung finden,to find/gain support
Verständnis finden,to be understood (verstanden werden)
ein Gespräch führen,to have/conduct a conversation
eine Ehe führen,to have a marriage
in Gefahr bringen,"to endanger, jeopardize (AKK)"
eine Rede halten,to give a speech
ein Versprechen halten,to keep a promise
zustande kommen,"to come about, emerge"
imstande sein,"to be able, capable (with sein)"
in Stimmung sein,"to be up for something, in the mood for"
infrage stehen,"to be doubted (bezweifelt werden, with sein)"
einen Kompromiss schließen,to come to a compromise/agreement (sich einigen)
im Streit liegen mit,to be in conflict with (zerstritten sein)
Abschied nehmen von,to say goodbye to (sich verabschieden)
in Angriff nehmen,"to tackle sth, to go about (etwas Schwieriges beginnen)"
Anstoß nehmen an,"to take offense, exception (sich empören)"
Einfluss nehmen auf (AKK),to influence (beeinflussen)
auf der Hand liegen,"to be clear, obvious"
in Ruhe lassen,to leave alone (nicht stören)
im Stich lassen,"to leave someone in need, turn one's back"
außer Acht lassen,to not take into account (nicht berücksichtigen)
in Kraft sein,"to be in effect, force (gelten)"
in der Lage sein,to be in the position (to do something)
vor der Wahl stehen,to face a choice
auf Kritik stoßen,to meet with criticism
Kritik üben an (DAT),to criticize
einen Standpunkt vertreten,to take a stance
den Hut nehmen,to resign from a position
Abstand nehmen,to distance oneself
sich in acht nehmen,"to be careful, look after oneself (emphatic)"
in Aktion treten,to go into action
zu Ansehen gelangen,"to become well-known, to make a name for onself"
Anstoß nehmen an,"to take offense, exception (sich empören)"
Anteil nehmen an,"to take an interest in something, take part in"
im Auge haben,to eye something
in Aussicht stehen,to be in prospect
in Aussicht stellen,to hold out the prospect of (something)
zur Auswahl stehen,"to be on offer, to be available"
in Bedrängnis geraten,"to be in a tough position, to have troubles"
im Begriff sein,to be about to do something
in Besitz nehmen,to take possession of something (forcefully)
in Betracht ziehen,to consider
in Betrieb setzen,"to activate, start a machine"
im Einsatz sein,to be on duty
auf die Folter spannen,to make someone wait unnecessarily (torturously)
im Gange sein,to be underway (a plan)
in Kauf nehmen,"to tolerate, to have to accept"
gewöhnt an (+ A),used to
eifersüchtig auf (+ A),to be jealous of
angewiesen auf (+ A),to be reliant upon
böse auf (+ A),to be mad at
unterteilt in (+ A),to be divided into
adressiert an (+ A),adressed to
schmerzlich für (+ A),to be painful for
wichtig für (+ A),important for
gespannt auf (+ A),to be excited about
wütend auf (+ A),to be extremely angry about
ärgerlich auf (+ A),to be mad at
(un)angenehm für (+ A),(un)pleasant for
bezeichnend für (+ A),"to be characteristic, representative of"
entscheidend für (+ A),crucial for
neidisch auf (+ A),to be envious of
(un)geeignet für (+ A),to be suitable for
(un)schädlich für (+ A),(un)detrimental for
verliebt in (+ A),to be in love with
beunruhigt über (+ A),"to be bothered, perturbed"
entsetzt über (+ A),to be horrified about
anerkannt als,to be recognized as
offen für (+ A),to be open to
arm an (+DAT),"to be poor, lacking in"
reich an (+DAT),"to be rich in, full of"
beteiligt an (+DAT),to have a stake in something
(un)schuld(ig) an (+DAT),to be guilty or innocent of
schuld an (+ DAT),to be guilty of
einverstanden mit,in agreement with
grün vor Neid sein,to be green with envy
nachlässig in (+ DAT),"to be neglectful, careless in"
angesehen bei,to be seen well
(un)bekannt bei,to be (un)known by
aufgeschlossen gegenüber (+ DAT),to be open minded about
verrückt nach,to be crazy about
entschlossen zu,to be resolved to
fähig zu,to be capable of
gut in (+ DAT),to be good at
tüchtig in (+ DAT),"to be competent, efficient, capable"
unerfahren in (+ DAT),to be inexperienced in
unzufrieden mit,to be dissatisfied with
schwenken,"to swivel, rotate"
die Schicht,layer
das Gefälle,gradient
der Kamin,chimney
lichtdurchlässig,transparent
der Dampf,steam
die Rinne,"gutter, trough"
die Neigung,"inclination, tendency"
verdampfen,to evaporate
nachführen,to track
die Nachführung,tracking
das Rohr,"pipe, tube"
der Betrag,amount
die Größenordnung,order of magnitude
schätzungsweise,approximately
beliebig,arbitrary
die Verallgemeinerung,generalisation
die Trägheit,inertia; sloth
der Impuls,"momentum, impulse"
der Kohlenstoff,carbon
berechnen,"to calculate, to bill"
das Gen,gene
das Säugetier,mammal
der Urknall,the big bang
die Kernkraft,nuclear energy
die Beschleunigung,acceleration
die Reibung,friction
träge,inert
die Erhaltung,"conservation (of energy, a species)"
zweifelhaft,dubious
die Vermutung,"assumption, conjecture, guess, surmise"
der Wasserstoff	,hydrogen
das Weltall,universe
der Draht,wire
der Vorgang,process
enthalten,to contain
der Schalter,"counter, switch"
der Stromkreis,circuit
der Sauerstoff,oxygen
der Stickstoff	,nitrogen
dicht,dense
die Dichte,density
gasförmig,gaseous
derzeit,currently
erhalten,"to conserve, to receive"
die Leitfähigkeit,conductivity
schäumen,to foam
der Gefrierpunkt,freezing point
der Faden,thread
die Faser,fiber
das Gehäuse,"housing, casing"
anteilig,"proportionate, proportionately"
die Düse,"jet, nozzle"
verdampfen,to evaporate
verdichten,to compress; to thicken
der Siedepunkt,boiling point
das Rohr,"pipe, tube"
das Erzeugnis,"product, commodity"
erstarren,"to solidify, freeze"
geräuschlos,noiseless
verwerten,"to make use of, exploit"
sieben,to strain (e.g. through a sieve)
die Ausrüstung,equipment
der Querschnitt,cross section
das Raumfahrzeug,spacecraft
die Reibung,friction
verderben,"to spoil, to go bad"
der Rauchmelder,fire alarm
das Bindemittel,adhesive
umkehrbar,reversible
die Anordnung,"arrangement, layout"
erproben,"to test, try out"
ausstoßen,to expel or emit (substance or person)
die Besatzung,crew
die Versorgung,"supply, provisions"
umkreisen,"to orbit, encircle"
die Fernsteuerung,remote controlling
verglühen,to burn up (in the atmosphere)
erfassen,"to gather (e.g. data), conceive mentally"
die Umlaufbahn,orbit
entgegengesetzt,"opposite, opposing"
der Feuerlöscher,fire extinguisher
das Gelände,grounds; terrain
speichern,"to store (energy), to save (data)"
der Strahl,"beam; ray, axis (math)"
der Marschflugkörper,cruise missile
schräg,"aslant, skewed, tilted"
basteln,"to tinker, put things together"
der Beton,concrete
der Ziegel,brick
einsetzen,to deploy (to use)
das Triebwerk,"engine (trains, ships, rockets)"
das Getriebe,"gearbox, transmission, mechanism"
nicht ohne Tücke,not without its hazards
das Geschick,"skill, dexterity"
der Lehm,clay (e.g. for pottery)
die Auslegung,"layout, design"
der Sprengkopf,warhead
das Ventil,valve
senkrecht (zu),vertical (perpandicular to)
Krach machen,to make noise
das Geschoss,"shot, bullet, missile"
tückisch,treacherous
die Kupplung,clutch
die Drehzahl,RPM
der Kasten,"box, crate"
der Schlitz,"slit, slot"
umwandeln in,to transform into
verschleißen,"to wear out, abrade"
verarbeiten,to process
verstellen,"to adjust, disguise (e.g. one's voice)"
die Fläche,area
strömen,"to flow, to stream"
waagerecht,"level, horizontal"
die Vorrichtung,"device, contraption, mechanism"
die Abmessungen,dimensions
sich wölben,to bulge
gewölbt,"arched, domed"
das Gebläse,"blower, fan"
die Schmierung,lubrication
der Umweg,detour
schlagartig,"sudden, abruptly"
der Ruß,soot
das Zahnrad,gear
die Schwankung,fluctuation
die Auspuffgase,exhaust
der Anschluss,"connection (TV, internet), port"
das Kraftwerk,Power Plant
der Elektrolyt,electrolyte
der Damm,small dam
günstige Verhältnisse,favorable conditions
verlaufen,"to proceed, to run"
die Scheibe,disc
spalten,to split
koppeln,"to couple, link up"
erneuerbare Energien,renewable energy
nachwachsend,renewable
die Umkehrung,"reversal, turn around"
etliche,"quite a lot of, several"
außer Kontrolle geraten,to get out of control
herkömmlich,"conventional, standard"
der Verstand,"the mind, intellect"
sämtlich,all; altogether
die Schraube,screw
die Talsperre,big dam
die Energiesparlampe,energy-saving lightbulb
gerinnen,"to coagulate, congeal; clot; curdle"
bewirken,"to effect, bring about"
auslösen,"to spark, to trigger, to cause"
die Brennstäbe,fuel rods
der Kernreaktor,nuclear reactor
die Kernschmelze,nuclear meltdown
die Endlagerung,disposal of nuclear waste
lüften,to ventilate
das Lüften,ventilation
entbehren,"to do without, to lack (like verzichten)"
die Unterdrückung,oppression
politische Überzeugung,political conviction
fliehen vor (DAT),to flee from
das Einwanderungsland,host country
der Zuzug,influx
Asyl erhalten ,to be granted asylum
ausweisen,"to expel, deport from a country"
verständigen,to inform/notify someone
Flüchtlinge aufnehmen,to take in refugees
um Asyl bitten,to apply for asylum
die Rassenunruhen,racial tensions
die Feindseligkeit,hostility
die Ausländerfeindlichkeit,xenophobia
den Groll anfachen,to fuel resentment
die Toleranz,tolerance
das Wiederaufleben,"resurgence, revival"
Ängste ausnutzen,to play on fears
die Sekte,sect
das Gewissen,conscience
"missfallen (missfiel, hat missfallen)","to displease, displeasure"
verehren,"to worship, idolize, venerate"
der Gläubige,believer
die Lehre,doctrine
sich abkapseln von,to isolate oneself from
das Kopftuch,head scarf
sich einleben in,to settle down
der Rassenkrawall,race riot
der Wahlkampf,election campaign
anbeten,"to worship, adore"
die Moschee,mosque
der Pfarrer,"pastor, priest"
verschärfen,"to heighten, intensify"
das Industrieland,industrialized country
schikanieren,"to harass, persecute; pick on (starts with ""s"")"
die Sünde,sin
der Aberglaube,superstitution
predigen,to preach
weltlich,secular
das Altertum,antiquity
die Kleinkriminalität,petty crime
obdachlos,homeless
erbärmlich,"wretched, squalid, pitiful"
sich über Wasser halten,"to stay above water, make ends meet"
die Neuzeit,modern times
die Wiedervereinigung,the reunification
die Auferstehung,resurrection
der Teufelskreis,the vicious circle
die Unterschicht,underclass
vergeben,to forgive
Gut und Böse,good and evil
das Abkommen,"agreement, treaty"
anzeigen,to report to the police
verhaften,"to imprison, charge, detain (arrest)"
der Zigeuner,gypsy
die Hölle,hell
die Beichte,confession (in a Catholic church)
die Obdachlosigkeit,homelessness
das Heer,army
der Straßenraub,mugging
die Zehn Gebote,the ten commandments
das Vaterunser,the lords prayer
die Wertorientierung,moral values
das Mittelalter,Middle Ages (MA)
geschichtlich,historical
der Kriegsdienstverweigerer,conscientious objector
die Taufe,christening
ernennen,To appoint
sich verständigen,to come to an agreement on something
dauerhaft,"steady, lasting"
erforderlich,"required, mandatory, obligatory, imperative"
eine Leistung erbringen,"to deliver a performance, render a service"
prinzipiell,"fundamentally, in principle"
die Ausdauer,endurance
das Knochengerüst,skeleton
das Becken,"pelvis, basin, sink"
zusammenstellen,to put together
traben,to trot
zurücklegen,"to put back, to recline"
zügig,"efficient, uninterrupted, speedily"
die Atemnot,breathlessness
die Sauerstoffaufnahme,oxygen uptake
sich halten an,"to adhere to, comply with"
der erhöhte Blutdruck,high blood pressure
einen Herzinfarkt erleiden,to suffer from a heart attack
die Formel,formula
die Spalte,"column, crevice"
anspornen zu,"encourage, stimulate to do, spur on to do something"
eine Tendenz setzt sich fort,a trend/tendency becomes apparent
gemeinnützige Organisationen,NGOs
neue Erkenntnisse gewinnen,to gain new knowledge
die Ausstattung,"infrastructure, equipment"
vernachlässigen,to neglect
ausführlich,"extensively, elaborately"
die Neigung,"inclination, tendency"
die Verteilung,distribution
das Balkendiagramm,bar graph
aufschlüsseln in,"to break something down into, itemize"
das Gefäß,"container, vessel, tank"
rudern,to row
das Doping,drug taking (sport)
die Anstrengung,"exertion, effort, strain"
der Bordstein,curb
der Schaltkasten,switch box
der Beton,concrete
der Asphalt,asphalt
der Ziegelstein,brick
das Kopfsteinpflaster,cobblestone
das Pflaster,pavement
der Gullydeckel,sewer hole covering
der Kanal,channel
der Blumenkübel,big flower pot
der Pfosten,the post
das Gitter,grate
der Bürgersteig,sidewalk
der Steg,"boardwalk, gangplank"
die Fensterbank,window ledge
das Dach,roof
das Dachgeschoß,attic
das Stockwerk,story (of a building)
die Laterne,street light
die Leitplanke,guard rail
der Zebrastreifen,crosswalk
das Geländer,railing
die Rampe,the ramp
das Hindernis,obstacle
der Kreisel,"roundabout, gyroscope"
die Auffahrt,"on ramp, driveway"
die Abfahrt,off ramp
der Seitenstreifen,"breakdown lane, shoulder"
die Allee,"avenue, boulevard"
die Bank,"bench, bank"
der Springbrunnen,fountain
der Baggersee,excavated or dredged pond/lake
der Fahrradweg,bicycle path (not on the street)
die Fahrradspur,bike lane (in traffic)
die Schiene,railroad/straßenbahn track
die Schranke,"barrier, gate (e.g. at level crossing)"
der Abwasserkanal,sewer
erforschen,to research
die Akkulaufzeit,battery life
handlich,"handy; managable, pocket sized"
rechtfertigen,to justify
die Fernsehsendung,TV program
der Bildschirm,monitor
der Flachbildschirm,flat screen
die Textverarbeitung,word processing
forschen über,to research on
tragbar,portable
schnurlos,cordless
fachübergreifend,interdisciplinary
die Festplatte,hard drive
das Reagenzglas,test tube
die Datenbank,database
der Perspektivwechsel,change of perspective
Datenkopien erstellen,to make a back up copy of a computer
die Bewusstseinsänderung,the change of awareness
der Bildschirm,monitor
aufrufen,"to open, call up (a web page)"
der Moralkodex,moral code
die Tastatur,keyboard
die Effektivitätssteigerung,gain in efficiency
erheblich,"considerable, substantial, important"
hinterherhinken,to lag behind
das Ladegerät,recharger
abstürzen,"to fall, plummet, crash (a computer, eg)"
die Patrone,ink cartridge
der Speicher,storage (e.g. computer memory)
durchstöbern,to browse the web
das Gefahrenmoment,the potential danger
die unvorhersehbaren Folgen,unforseeable consequences
die Wissensexplosion,the information explosion
die Klangkulisse,audio backdrop
die Moralvorstellungen,moral values
Gott spielen,to play God
weltumspannend,"global, worldwide (spanning the world)"
im Endeffekt,"in the end, final analysis"
"es besteht die Gefahr, dass...","there is the danger, that..."
der Durchbruch,breakthrough
ein Eingriff in die Privatsphäre,an invasion of privacy
anwenderfreundlich,user friendly
der Nachschub,supplies (with n)
Grenzüberschreitend,transnational (breaking boundaries)
von fragwürdigem Wert,of questionable moral value
in absehbarer Zeit,in the foreseeable future
die Doppelmoral,double standard
durchdringen,"to penetrate, pervade"
weiterleben,to live on
tiefsinnig,profound
der Übertritt,"trespass, conversion"
die Zukunftsplanung,planning for the future
irrtümlich,"mistakenly, erroneously"
moralisch nicht vertretbar,morally indefensible
die moralischen Bedenken,the moral considerations
umschalten,to turn to (TV station)
die Zukunftstechnologien,next generation technologies
die Machbarkeit,"feasibility, producibility"
die künstliche Intelligenz,artificial intelligence
missbrauchen,to abuse
audiovisuell,audiovisual
die Fernbedienung,remote control
durch Ausprobieren,by trial and error
beängstigend,"alarming, frightening"
eine Krankheit ausmerzen,to eradicate a disease
der Kranke,sick person
verunglücken,to have an accident
die Geschlechtskrankheit,sexually transmitted disease
anfällig (für),prone/susceptible 
ansteckend,infectious
wohlauf sein,to be fit and healthy
die Ballaststoffe,fiber (always pl)
die Fettleibigkeit,obesity
Krebserregend,carcinogenic
sich trimmen,to get fit
die Periode,period
vorbeugen ist besser als heilen,prevention is better than cure
die Frischkost,fresh food
der Hirntod,brain death
fettleibig,obese
Selbstmord begehen,to commit suicide
der Keim,"germ, seed"
das Virus,virus
strenge Bettruhe verordnen,to order strict bedrest
die Zuckerkrankheit,diabetes
der Organismus,organism
die Körperpflege,personal hygiene
der Chirurg,surgeon
die Bänder,ligaments
röntgen,to xray
die Verpflanzung,transplant
ohnmächtig werden,to faint
das Pflegeheim,nursing / care home
im Sterben liegen,to be dying
der Stuhlgang,bowel movement; stool (faeces)
im Vollbesitz seiner geistigen Kräfte sein,to be in full possession of ones mental faculties
der Qualm,thick cloud of smoke
der Altersschwachsinn,dementia
die Blutübertragung,blood transfusion
narkotisieren,"to anaesthetise, narcotise (med.)"
der Erreger,pathogen
der Kettenraucher,chain smoker
deprimiert sein,to be depressed
die Scheide,"vagina, sheath, scabbard"
die Magersucht,anorexia
einen Nervenzusammenbruch erleiden,to suffer a nervous breakdown
husten,to cough
die Immunschwäche,immune deficiency
das Abwehrsystem,immune / defence system
paffen,to puff on (e.g. a cigarette)
weitsichtig,far-sighted
der Infizierte,infected person
das Passivrauchen,passive smoking
stechen,"to prick, sting"
die Suchtkrankheit,addiction
die Tropfen,drops
geisteskrank,mentally ill
sich (dat) das Rauchen abgewöhnen,to give up smoking
abtreiben,to have an abortion
das Nikotin,nicotine
sich betrinken,to get drunk
tödlich,fatal
kurzsichtig,near-sighted
das Glied,"limb, member"
der Blutalkoholspiegel,blood-alcohol level
der Schwerbeschädigte,severely disabled person
die Hemmungen,inhibitions
die Trunksucht,alcoholism
der Betroffene,the affected person
die Genmanipulation,genetic engineering
die Plombe,filling
plombieren,to fill (a tooth)
das Rauchverbot,smoking ban
züchten,to breed
überweisen,"to refer (e.g. to a specialist), transfer money"
die Vorbeugung,prevention
das Attest,doctors certificate (to excuse absences)
die Salbe,ointment/cream
aufrufen zu,to call upon someone to do something
der Aufruf,"call, invocation, appeal"
die Anekdote,anecdote
der Bedarf kann nicht bedeckt werden,the demand/need cannot be met
lebensrettend,life-saving
der Befürworter,"proponent, supporter"
die Übelkeit,nausea
das Laufband,treadmill
befürworten,"support, recommend, advocate"
der Gesundheitswahn,health craze
die Ausgeglichenheit,"equilibrium, balance"
angeben,(1) to boast; (2) to state (officially)
die Kampagne,campaign
die Schonkost,bland diet
das Magengeschwür,stomach ulcer
die Blinddarmentzündung,appendicitis
spürbar,"noticeable, perceptible"
die Kraftlosigkeit,"debility, feebleness"
die Schlaflosigkeit,insomnia
von der Stange,"run of the mill, cookie-cutter"
gut bekömmlich,"agreeable, (easy to digest)"
versauen,"to mess something up, ruin, spoil"
der Hexenschuss,lumbago (terrible low back pain)
"(sich) unterziehen (unterzog, hat unterzogen)","to undergo, to subject someone to something"
der Händedruck,handshake
bedauerlicherweise,regrettably
negieren,to negate
reizen,to irritate or provoke
absterben,to die off
die Hand schütteln,to shake someone's hand
der Sachverhalt,issue; facts of the case
die Vorsorgeuntersuchung,check up
der Bandscheibenvorfall,herniated disc
missbilligen,"to disapprove, to frown down upon something"
die Einatmung,"inhalation, respiration"
die Nerven verlieren,to lose one's nerves
die Anfälligkeit,susceptibility
das Stadium,stage (of a disease)
präventiv,preventive
abwehren,"to repel, to fend, to fight off"
aushalten,"to endure, bear (like ertragen)"
empfindlich sein gegenüber,to be sensitive to
verinnerlichen,to internalize
belustigen,to amuse
sich an etwas verschlucken,to choke on something
lebensmüde,"tired of life, suicidal"
desinfizieren,to disinfect
die Erbkrankheit,"genetic, inherited disease"
der Ausbruch,outbreak (of a disease)
verzögern,"to delay, slow down"
die Sterblichkeit,mortality
der Krebsauslöser,cancer causing agent
die Blutgefäße,blood vessels
jemanden in mein Herz schließen,someone has a place in my heart
etwas nicht übers Herz bringen,to not have the heart to do something
die Arrhythmie,arrhythmia
der Puls,pulse
das Herz (jemandem) brechen,to break someones heart
der Leib,body
aus dem Herzen sprechen,to speak from the heart
sich etwas zu Herzen nehmen,to take something to heart
den Schlüssel zum Herzen haben,to have the key to ones heart
das Blut,blood
ein Herz für jemanden haben,to have a big heart for someone
sich ein Herz fassen,to gather courage
der Herzinfarkt,heart attack
mir fiel ein Stein vom Herzen,it was a weight off my shoulders
das Herz rutschte mir in die Hose,my heart was in my mouth
das Organ,organ
mein Herz ausschütten,to pour my heart out
etwas liegt mir am Herzen,"something is close to your heart, important"
das Kardiogramm,cardiogram
der Blutegel,leech
das Känguru,kangaroo
der Pinguin,penguin
das Lebewesen,"creature, animate being"
die Schnauze,snout
das Maul,mouth (animal)
bellen,to bark
der Käfig,cage
der Flügel,"wing, blade, vane"
der Schnabel,beak
die Schildkröte,turtle
das Tierreich,animal kingdom
das Beutetier,prey (animal)
besamen,to inseminate (zool.)
das Skelett,"skeleton (with s, not k)"
dressieren,to train (an animal); to drill
kaltblütig,cold-blooded
kaltherzig,cold hearted
warmherzig,warm hearted
irdisch,"temporal, terrestial, mundane, worldly"
das Fell,coat (of an animal)
die Schnurrhaare,whiskers
die Mähne,mane
das Nagetier,rodent
das Meerschweinchen,guinea pig
das Murmeltier,marmot
der Biber,the beaver
das Stachelschwein,porcupine
die Behaarung,"coat, fur or wool (animal); pubescence"
die Wachtel,quail
der Strauß,ostrich (and bouquet)
die Nachtigall,nightingale
der Fleischfresser,carnivore
der Pflanzenfresser,herbivore
der Allesfresser,omnivore
das Säugetier,mammal
das Erdmännchen,meerkat
die Knospe,bud
die Missernte,failure of crops
die Verdunstung,evaporation
die Tulpe,tulip
das Stroh,straw
der Blumenstrauß,bouquet
der Hafer,oat
fällen,to cut down (fell a tree)
das Moos,moss; dough (money - colloquial)
der Rasen,lawn
das Korn,grain
der Strauch,shrub
die Gerste,barley
der Ast,branch
der Stachel,"barb, quill, stinger"
der Zweig,"branch, twig"
die Nelke,"carnation, clove"
der Roggen,rye
der Stängel,stem
die Tanne,fir tree
der Zapfen,cone (of a tree)
die Trauerweide,weeping willow
die Eiche,oak
die Pappel,poplar
der Ahorn,maple
die Buche,beech tree
der Stamm,trunk of a tree
die Borke,bark of a tree
die Blüte,blossom
die Blütezeit,"blossom time, heyday"
die Fruchtbildung,fruiting
der Reifeprozess,ripening
die Vollreife,full ripeness
der Kolben,"cob (of corn), piston"
die Stärke,"starch, strength"
die Hülle,husk of a seed
die Narzisse,daffodil
der Mohn,poppy
die Abgabe von Sauerstoff,release of oxygen
die Flechte,lichen
der Ultraschall,Ultrasound
die Maßeinheit,unit of measurement
fossile Energiequellen,fossil fuel sources
Kohlendioxid freisetzen,to release C02
die Weltmeere ,the world's oceans (plural)
der Treibhauseffekt,the greenhouse effect
vorwegnehmen,"to anticipate, to forestall"
der Zeitraum,period of time
sich abkühlen,to cool off
der Umlauf,circulation
die Algen,algae
die Photosynthese,photosynthesis
lokalisieren,"to pinpoint, localise"
weshalb,"why, for which, which is why"
der Berghang,"mountainside, slope"
die Hecke,hedge
huschen,"to dart, flit, scamper"
lähmen,"to paralyze, cripple"
das Laub,"leaves, foliage"
der Wipfel,treetop
die Lawine,avalanche
die Orkanstärke,hurricane force
der Monsun,monsoon
der Vulkanausbruch,volcanic eruption
die Gletscherschmelze,glacial meltdown
der Taifun,typhoon
der Vorbote,"herald, forerunner, harbinger"
widerstandsfähig,"resistant, tough, hardy"
das Zutun,"help, cooperation, assistance"
das Windrad,wind turbine
das Zedernholz,cedar
taumeln,"to lurch, tumble, wobble"
umweltfreundlich,environmentally friendly
der CO2 Fußabdruck,carbon footprint
freisetzen,to release
gefährden,to endanger
das Ozonloch,ozone hole
vorsorglich,precautionary
die Flutwelle,tidal wave
der Naturhaushalt,ecological balance
sich anstrengen,"to labor, endeavor, exert oneself, increase ones efforts"
das Abwasser,sewage
sparsam umgehen,to use something economically
das Umweltbewusstsein,environmental awareness
das Abschmelzen der Polkappen,the melting of ice-caps
die Senkung,reduction (with s)
die Ozonschicht,ozone layer
die Gefährdung (GEN),the danger (to)
der saure Regen,acid rain
der Umweltsünder,polluter
der Umweltverstoß,action that damages the environment
der Benzinverbrauch,fuel consumption
der Ölteppich,oil slick
die Kläranlage,sewage plant
sickern,"to seep, ooze"
die Entwaldung,deforestation
das Naturschutzgebiet,the nature reserve
die Rückstände,residues
die Kartonage,cardboard packaging
die Mehrwegflasche,returnable bottle
die Einwegflasche,non-returnable bottle
die Müllabfuhr,garbage collection
der Schrott,scrap metal
die Verklappung,dumping industrial waste in the ocean
erschöpft werden,"to exhaust (resources), to run out"
die Ölvorräte,oil reserves
die Bucht,"inlet, bay"
die Ebene,"plain (also: level, layer)"
die Halbinsel,peninsula
die Flussmündung,estuary
der Archipel,"archipelago, island group"
der Tiefseeboden,deep sea floor
das Sedimentgestein,sedimentary rock
das metamorphe Gestein,metamorphic rock
das Eruptivgestein,igneous rock
das Epizentrum,epicenter
die Verwerfung (-n),"geological fault, distortion, rejection"
der Lavastrom,lava flow
die Hochebene,plateau
ewiger Schnee,perpetual snow (in mountains)
der Steinschlag,rockfall
die Oase,oasis
der Reif,"hoarfrost, rime"
der Hurrikan,hurricane
der Gletscher,glacier
die Tundra,tundra
der Nadelwald,coniferous forest
der Mischwald,mixed forest
der Laubwald,deciduous forest
der Tropenwald,tropical forest
der Niederschlag,precipitation
das Reisfeld,rice paddy
die Mülldeponie,"garbage dump, landfill"
die Bodendüngung,soil fertilization
der Ölausfluss,oil outflow
das Faulbecken,septic tank
der Grundwasserspiegel,water table
die Seenversauerung,acidification of lakes
anzetteln,"to instigate, to plot"
der Bote,messenger
die Dirne,prostitute
der Dussel,"idiot, dimwit"
die Eingeweide,"innards, intestines, guts"
das Förderband,conveyer belt
der Gebieter,"lord, master, ruler"
der Gefängniswärter,prison guard
der Habicht,hawk
der Jahrgang,"class (of students), vintage (of wine)"
die Kakerlake,cockroach
die Loipe,cross-country skiing course
der Laib,loaf
der Mittäter,accomplice
der Nachzügler,"late-comer, straggler"
nuscheln,"to mumble, slurr"
die Ohrfeige,slap in the face
der Passant (die Passantin),passer-by
der Papagei,parrot
prägen,"to shape, to stamp"
die Pritsche,"platform (truck), pallet"
der Proviant,"provisions, victuals"
die Rasur,"shave, shaving"
die Rückendeckung,"rear cover, backup support"
der Samenerguss,ejaculation
schmausen,"to feast, eat heartily"
der Schmu,the swindle
sittenwidrig,immoral
der Speichel,saliva
die Spüle,kitchen sink
die Spule,"spool, coil, reel"
der Tadel,"blame, reproach"
das Techtelmechtel,love affair
der Untertan,subject (of a king)
veräppeln,"to kid around, to play a prank"
die Vergewaltigung,rape
verjähren,"to fall under the statute of limitations, to lapse"
verhüten,to prevent
die Warze,wart
das Warzenschwein,warthog
die Witterung,weather (atmospheric conditions)
das Zahnfleisch,the gums of teeth
der Zoll,"duty, tariff"
der Zyniker,cynic
sich erkundigen über,"to inquire about, ask after"
gereizt,"irritable, riled"
sich anpassen an,"to fit in, conform to"
zuvorkommend,"courteous, obliging"
verlegen,(1) to postpone (eine Besprechung) (2) misplace
voraus haben (jdm etwas),to have an advantage over someone or something
sich fortpflanzen,"to breed, reproduce, recreate"
die Fortpflanzung,"reproduction, propagation"
den großen Anklang finden,"to find approval, success"
der Gesichtspunkt,"viewpoint, angle"
begegnen,"to come across, encounter"
wechselseitig,"reciprocally, two-way"
das Handlungsfeld,"sphere of activity, Bereich"
die Fachkraft,"professional, specialist, skilled employee"
abweisend,"dismissive, repellant, unwelcoming"
sich entziehen,"to elude, escape, evade"
verschlossen,"uncommunicative, closed off"
Vergleiche ziehen / anstellen / vornehmen,to draw comparisons
unterbewerten,to understate the value of something
abwerten,to devalue (eine Währung)
jeweilig,"particular, respective"
bestrebt sein,to strive or aim to do something
die Sinnhaftigkeit,the state of having meaning or purpose; sense of direction
gleichwertig,equal value
der Stoffwechsel,metabolism
bedürfen (+ Gen),"to deserve, need, require"
ein Instrument begleiten,to accompany someone (e.g. on the piano)
vertraut sein mit,"to be familiar with something (ein Instrument, zB)"
der Zusammenklang,"accord, harmony"
musizieren,to make music
wiedergeben,"to recite, translate, play back"
bedingen,"to cause, require"
die Partitur,musical score
die Ausdehnung,"expansion, extension"
voraussetzen,(1) to assume; (2) to require
"bevorstehen (stand bevor, bevorgestanden)","to pend, be imminent"
aufwerfen,"to bring up, raise (ein Problem, zB)"
etwas als gegeben voraussetzen,to take something for granted
die Gattung,"genus; species; kind, type; artform; (Literatur) genre"
die Begattung,"mating, copulation"
räuberisch,predatory
die Aussage,"statement, assertion, testimony"
die Äußerung,"utterance, remark, statement"
der Beweis (für),evidence
einschüchtern,"to frighten, intimidate"
fördern,"to support, sponsor"
die Begründung,"reason, rationale (grounds)"
kapieren,"to figure out, catch onto something"
"das Zitat, -e",quotation
vollständig,"complete, entire"
anspruchsvoll,"demanding, ambitious"
der Anspruch,"a claim, demand, requirement"
den Anspruch haben auf,to have the right or claim to something
Aufmerksamkeit schenken,to pay attention
Respekt schulden (+ AKK),to owe respect
erträglich,"sufferable, endurable"
beseitigen,"to eliminate, abolish, remove"
verbreiten,"to spread, disseminate, broadcast"
sich verbreiten,"to gain currency, get about (word, news)"
ermöglichen,to make possible
sich festigen,"to consolidate, solidify"
befestigen,"to stick, fix, mount"
gewährleisten,"to guarantee, ensure"
sich begeistern für,to become enthusiastic about
beneidenswert,enviable
sich ergeben (aus),(1) to surrender; (2) to result (from sth.)
abgemagert,emaciated
benachteiligen,"to handicap, disadvantage, discriminate against"
sich beziehen auf (+ AKK),to refer to
ein Beispiel anführen,to give an example
nachahmen,to imitate
ungenießbar,inedible
"der Rang (""e)","rank, position, status"
eingehend,"close, detailed, in-depth"
vorantreiben,"to advance, push, promote"
beschwindeln,"to fool, to deceive"
der Bücherwurm,book worm
die Leseratte,book worm (not a worm in German)
die Vorfahren,"forefathers, ancestors"
konservieren,to preserve
der Gebirgszug,mountain range
"der Schuss (""-e)",a shot
schallend,"roaring, resounding"
die Auffassung,"view, opinion, judgment"
schwärmen von,"to enthuse, rave about"
zugeknöpft sein,"buttoned up (clothing), reticent"
ein Urteil fällen,to make a judgment
der Weltuntergang,end of the world
prallen (auf + AKK),to crash (into)
die Gegebenheit,"(given) fact, reality, factor, condition, situation"
die Angelegenheit,"affair, business"
fehlen,to be absent
anklagen wegen (GEN),to accuse (of)
einklagen,"to sue, file a court case"
aus Fleisch und Blut,alive
der Lektor,editor
das Verhältnis (se),"ratio, relationship (mathematical or personal)"
sich bemühen,"to make an effort, take the trouble to do something"
die Landsleute,"compatriots, fellow countrymen"
"weichen (wich, gewichen)","to give way, yield, go away (weaken)"
die Ausführung,"execution, implementation"
eine Grenze ziehen,to draw the line
eine Grenze festlegen,to set a boundary
nachtrauern,"to regret, mourn"
anhalten,"(1) to stop; (2) to continue (as in: to last, hold on)"
demzufolge,"as a result, therefore, consequently"
das Mysterium,mystery
die Entmystifizierung,demystification
der Mythos,myth
die Randgruppe,"fringe group, outsider group"
an den Rand drängen,to marginalise
vorhanden sein,"to exist, be present (with sein)"
vorlegen,"to present, to submit, bring something forward"
vorliegen,to exist
die Mystik,mysticism
der Geist ist willig aber das Fleisch ist schwach,"I want to, but I cant!"
die Denkweise,"mindset, way of thinking"
verfremden,to alienate
das Resultat,result
die Blutgefäße,blood vessels
der Scharlatan,"quack, charlaten"
potenzieren,to exponentiate
bahnbrechend,groundbreaking
der Meilenstein,milestone
schildern,to depict
die Epoche,epoch
strapazieren,"to strain, to stress"
ungeheuer,"huge, mighty, enormous"
die Lebensführung,lifestyle
üppig,"opulent, lush, wanton"
das Übermaß (an),"excess, immoderation"
begünstigen,to bring forward; benefit; favour; pander to; prefer; promote
die Erkrankung,"the ailment, disease, sickness"
die Betätigung,"activity, operation"
die Vorbeugung,"prevention, prophylaxis"
das Patentrezept,"magic formula, panacea"
in Vergessenheit geraten,"to fall into oblivion, be forgotten"
sich gönnen (dat),"to treat, indulge oneself to"
schonend,"gently, considerately"
seufzen,to sigh
enthüllen,"to reveal, uncover, unveil"
der Hubschrauber,chopper (helicopter)
die Tarnung,"camouflage, cover"
als Tarnung dienen,to serve as camouflage
stöhnen,"to groan, moan"
die Sache erledigen,"to take care of something, settle the matter"
verharmlosen,"to play down, trivialize"
in Anbetracht (GEN),"in consideration of, given"
das Gerücht,rumor
der Argwohn,"suspicion, distrust"
Argwohn erregen,to arouse suspicion
das Etikett,label
das Siegel,seal (official stamp or seal)
der Verstoß (gegen),violation
betrügen,"to deceive, to cheat"
nahelegen,to suggest (something)
im Schnitt,on average
ermitteln,"to investigate, find something out"
vertreiben,"to distribute, disperse, exile, drive away"
unentbehrlich,indispensible
verfehlen,to miss
taumeln,"to lurch, tumble, wobble"
der Zusammenstoß,collision
fälschen,to fake/forge
preisen,to praise
abschrecken von,"to deter from, scare off"
Anlass geben zu,to give reason/cause to/for something
belanglos,trivial; petty
die Unterbrechung,interruption
herausstellen,"to emphasise, showcase, highlight"
zum Einsatz kommen,"to be used, to come into operation"
der Wendepunkt,turning point
schrumpfen,to shrink
überragen,"to tower above, outshine, outperform"
die Fehlbildung,"deformity, malformation "
allmählich,"gradually, bit by bit"
nivellieren,"to even, level out"
besiedeln,to populate
einleuchten,"to make sense; become evident, apparent"
der Maßstab,"measure, standard, ruler"
der Widerspruch,contradiction
enträtseln,"to solve (a puzzle), decipher"
fälschlicherweise,"mistakenly, wrongly"
sich weigern,to refuse
herausragend,"outstanding, preeminent"
wesentlich,"essentially, significantly, considerably"
mitsamt (DAT),together with
sich einer Sache entledigen,"to rid oneself of something, to dispose of a matter"
fungieren,"to function, act, serve as"
bereichern,"to enrich, add to"
weltweit agieren,to operate globally
je nach Bedarf,"according to the requirements, as needed"
die Echtzeit,real-time (as in online)
kränkeln,"to ail, be in frail health"
die Liege,"day bed, (sun) lounger"
die Faustregel,rule of thumb
die Gewissenhaftigkeit,dilligence
allmählich,"gradually, bit by bit"
"lange Rede, kurzer Sinn",long story short
nachvollziehen,"to comprehend, to be able to reconstruct, to follow"
der Kater,hangover; tomcat
die Besinnung,consciousness
nichtssagend,"vacant, featureless, expressionless"
das ist müßig,that's pointless / futile
die Nabelschnur,umbilical cord
das Muttermal,birthmark
minutiös,"meticulous, pedantic"
mildern,to alleviate
häkeln,to crochet
der Wels,catfish
der Inbegriff,epitome
imponieren,to impress
die Fundgrube,"repository, ""gold mine"", trove"
die Gratwanderung,"tightrope walk, delicate situation"
sich erbarmen,to have pity (for someone)
das Fegefeuer,purgatory
die Frömmigkeit,"devoutness, piety"
die Angewohnheit,"habit, mannerism"
die Affektiertheit,affectation
die Gewohnheit,custom
die Barmherzigkeit,mercy
die Kreuzigung,crucifixion
begnadigen,"to reprieve, pardon"
die Vergebung,"forgiveness, pardon, absolution"
der Dirigent,conductor (orchestra)
die Fahrstuhlmusik,elevator music
einstudieren,to rehearse
nach Gehör spielen,to play by ear
die Holzbläser,woodwind section
Übung macht den Meister,practice makes perfect
das Sachbuch,nonfiction book
die Vorstellung ,"imagination, notion, showing (e.g. film, theatre)"
der Malstil,painting style
architektonisch,architectural
das Atelier,"studio, artist's workshop"
hauen,"to chop, hew, carve (stone)"
der Pinselstrich,brushstroke
die Saite,"string, chord (of an instrument)"
misstönend,discordant
restaurieren,to restore
der Bildhauer,sculptor
das kulturelle Erbe,cultural heritage
der Pinsel,paint brush
die bildenden Künste,fine arts
aktionsreich,action packed
erfunden,"contrived, fake, imaginary"
der Kinorenner,box office hit
der Trailer,"trailer, preview"
synchronisieren,to dub
ausverkauft,sold out
die Erstaufführung,opening night
die Darstellung,portrayal (of a character)
sich entfalten,"to develop, unfold, unfurl"
die Nebenhandlung,subplot
die Prosa,prose
die Besetzung,the cast (of a film)
der Knüller,blockbuster
der Ausschnitt,"clipping, extract"
die Zeile,"line (of a poem, document), row"
die Dichtung,"poetry, writing"
ergreifend,"moving, poignant, gripping"
unterhaltsam,entertaining
die Gruselgeschichte,horror story
der Höhepunkt,climax
gefühlstief,intense
das Misstrauen gegen,the mistrust of
beachtlich,remarkable; significant
sinnlos,meaningless
das Unbehagen an...(dative),unease at
etwas in Frage stellen,to call something into question
der Verlag,publishing house
beeinträchtigen,"to compromise, damage, impair"
das Nachschlagewerk,reference work
die Schattenseite,downside
fesselnd,"captivating, gripping"
fromm,"religious, pious"
die Tugend,virtue
das Laster,"vice, guilty pleasure"
anscheinend,"apparently, seemingly"
beantragen,"to file for something, to request"
prellen,"to cheat, con; to bruise"
der Aufwand,"expenditure; cost, effort"
die Leistungspunkte,credits (school)
sich überschneiden,"to overlap, coincide"
berücksichtigen,"to consider, account for, bear in mind"
cholerisch,choleric
ein offenes Ohr haben,to be there to listen to someone when they need it
unser tägliches Brot,our daily bread
stampfen,to stomp
fabelhaft,"fabulous, marvelous"
der Sargnagel,nail in a coffin
der Werkzeugkoffer,toolbox
vorwiegend,"predominant, prevalant"
der Ausblick,"outlook, view, prospect"
wasserdicht,watertight
die Vorgehensweise,"approach, course of action, procedure"
überprüfbar,verifiable
die Entscheidungsfindung,decision-making
der Lebensabschnitt,stage/phase of one's life
renommiert,"prestigious, renowned"
lückenhaft,"sketchy, incomplete, fragmented"
die Datenerhebung,data collection
alle ins Boot holen,to get everyone onboard
"man munkelt, dass",rumor has it
überwältigend,overwhelming
entzerren,"to rectify, equalise, straighten out"
die Verpflichtung,"obligation, liability, duty"
ableiten (von),"to derive, deduce (from)"
die Stichprobe,sample (statistics)
die Ausprägung,"characteristic, markedness, peculiarity"
die Selbstauskunft,"self-disclosure, self-declaration"
die Eindeutigkeit,"clearness, unambiguousness"
die Prüfbarkeit,testability
die Falsifizierbarkeit,falsifiability
die Gesetzmäßigkeit,"legitimacy, legality"
die Feststellung,"determination, discovery"
die Leistungsfähigkeit,performance ability
die Leistung,performance; achievement; output
die Vorschrift,"specification, rule"
die Anforderung,requirement
die Grundgesamtheit,population (math)
die Verlässlichkeit,"reliability, dependability"
die Wahrscheinlichkeit,"likelihood, probability"
die Standardabweichung,standard deviation
der Mittelwert,mean (math.)
der Minimalwert,smallest value
der Maximalwert,largest value
der Durchschnitt,average
unerlässlich,"essential, indispensible"
die Genauigkeit,"accuracy, precision"
der Selbstbericht,self-report
die Auflage,edition (of a book); circulation (of a paper); condition (law)
die Besonderheit,"feature, peculiarity, characteristic"
die Streuung,"dispersion, scatter, spread"
überdauern,"to outlast, outlive"
das Selbstwertgefühl,"self-esteem, feeling of self-worth"
die Reagibilität,"reactivity, responsiveness"
das Testverfahren,test procedure
prognostizieren,to predict (prognosticate)
die Diskrepanz,"discrepancy, mismatch"
die Vermessung,"measurement, survey"
erblich,heritable/hereditary
intendieren,to intend
die Selbstüberschätzung,"overestimation of one's abilities, inflated sense of self"
die Partnerschaftszufriedenheit,relationship satisfaction
der Ansatz,"approach (e.g. to a problem), beginning, estimate"
stressanfällig,susceptible to stress
vertragen,to tolerate
die Verträglichkeit,"compatibility, tolerance, good-naturedness"
einfallsreich,"imaginative, creative"
ausschnittweise,"in part, partially"
der Einwand,objection
die Abfolge,"sequence, succession"
nachlassen,"diminish, decline"
loswerden,to get rid of
erliegen,"to succumb to, to yield to, be the victim of"
sich begeben (nach),to proceed to
sich drängen,"to throng, cluster, crowd"
der Beifall,"applause, acclaim"
das Gedränge,"the crowd, throng of people"
die Erkundigung,inquiry
eine Erkundigung einziehen,to make an inquiry
(über jemanden) herziehen,"to mock, talk trash"
zutage treten,"to become evident, to emerge, come to light "
der Umschweif,digression
ohne Umschweife,"outright, without further delay"
das Anliegen,"concern, matter, desire"
aus dem Rahmen fallen,to be out of line
aus allen Wolken fallen,to be flabbergasted
(jdm.) gegen den Strich gehen,to rub someone the wrong way
der Vorstoß,"foray, thrust, advance"
einen Vorstoß machen,to make an advance
auf keinen grünen Zweig kommen,to be getting nowhere (with something)
nicht auf den (richtigen) Trichter kommen,can't get the hang of something
der Trichter,"funnel, hopper"
(mit jdm.) hart ins Gericht gehen,to be hard/harsh on someone
(etwas) auf den Grund gehen,"to look into something, get to the bottom of something"
schwappen,to slosh
der Kessel,"kettle, cauldron; basin (geog.)"
die Regenrinne,rain gutter
der Fallschirmjäger,paratrooper
schweben,"to hover, float, waft"
wanken,"to roll, sway, stagger"
